Saki,NONE,07/07/2025,12:29:58,Attohwa_Chasm,Tiamat
Vear,PLD,07/07/2025,12:29:58,Attohwa_Chasm,Tiamat
Daveman,WHM,07/07/2025,12:29:58,Attohwa_Chasm,Tiamat
Notix,RDM,07/07/2025,12:29:58,Attohwa_Chasm,Tiamat
Consumelivebees,BRD,07/07/2025,12:29:58,Attohwa_Chasm,Tiamat
Xruz,RDM,07/07/2025,12:29:58,Attohwa_Chasm,Tiamat
Nam,BLM,07/07/2025,12:29:58,Attohwa_Chasm,Tiamat
Kyra,PLD,07/07/2025,12:29:58,Attohwa_Chasm,Tiamat
Ayr,SMN,07/07/2025,12:29:58,Attohwa_Chasm,Tiamat
Mcturbo,SMN,07/07/2025,12:29:58,Attohwa_Chasm,Tiamat
Sonomaa,RDM,07/07/2025,12:29:58,Attohwa_Chasm,Tiamat
Thoranir,BRD,07/07/2025,12:29:58,Attohwa_Chasm,Tiamat
Kwickfox,BRD,07/07/2025,12:29:58,Attohwa_Chasm,Tiamat
Skye,BRD,07/07/2025,12:29:58,Attohwa_Chasm,Tiamat
Lockon,THF,07/07/2025,12:29:58,Attohwa_Chasm,Tiamat
Nils,SMN,07/07/2025,12:29:58,Attohwa_Chasm,Tiamat
Brattycatty,BRD,07/07/2025,12:29:58,Attohwa_Chasm,Tiamat
Buddylee,RDM,07/07/2025,12:29:58,Attohwa_Chasm,Tiamat
Brethart,THF,07/07/2025,12:29:58,Attohwa_Chasm,Tiamat
Kersed,RDM,07/07/2025,12:29:58,Attohwa_Chasm,Tiamat
Cinnisbellum,PLD,07/07/2025,12:29:58,Attohwa_Chasm,Tiamat
Clynt,PLD,07/07/2025,12:29:58,Attohwa_Chasm,Tiamat
Prongles,WHM,07/07/2025,12:29:58,Attohwa_Chasm,Tiamat
Rorry,THF,07/07/2025,12:29:58,Attohwa_Chasm,Tiamat
